{
  "$schema": "./node_modules/@angular/cli/lib/config/schema.json",
  "project": {
    "name": "smartoffice"
  },
  "apps": [
    {
      "root": "src",
      "outDir": "dist",
      "assets": [
        "assets",
        "favicon.ico",
        "uploads",
        "../images"
      ],
      "index": "index.html",
      "main": "main.ts",
      "polyfills": "polyfills.ts",
      "test": "test.ts",
      "tsconfig": "tsconfig.app.json",
      "testTsconfig": "tsconfig.spec.json",
      "prefix": "app",
      "styles": [
        "./themes/css/lib/font-awesome/font-awesome.min.css",
        "./themes/css/main.css",
        "./themes/css/lib/datatables-net/datatables.min.css",
        "./themes/css/lib/bootstrap-sweetalert/sweetalert.css",
        "styles.css"
      ],
      "scripts": [
        "./themes/js/lib/jquery/jquery.min.js",
        "./themes/js/lib/tether/tether.min.js",
        "./themes/js/lib/bootstrap/bootstrap.min.js",
        "./themes/js/plugins.js",
        "./themes/js/lib/datatables-net/datatables.min.js",
        "./themes/js/lib/bootstrap-sweetalert/sweetalert.min.js",
        "./themes/js/lib/jquery-tag-editor/jquery.caret.min.js",
        "./themes/js/lib/jquery-tag-editor/jquery.tag-editor.min.js",
        "./themes/js/app.js"
      ],
      "environmentSource": "environments/environment.ts",
      "environments": {
        "dev": "environments/environment.ts",
        "prod": "environments/environment.prod.ts"
      }
    }
  ],
  "e2e": {
    "protractor": {
      "config": "./protractor.conf.js"
    }
  },
  "lint": [
    {
      "project": "src/tsconfig.app.json"
    },
    {
      "project": "src/tsconfig.spec.json"
    },
    {
      "project": "e2e/tsconfig.e2e.json"
    }
  ],
  "test": {
    "karma": {
      "config": "./karma.conf.js"
    }
  },
  "defaults": {
    "styleExt": "css",
    "component": {}
  }
}
